{
  "rmse_mean": 0.024383510192118506,
  "rmse_std": 0.0028641413368381942,
  "fold_rmses": [
    0.029352958140581215,
    0.022840500151581282,
    0.02065720627792152,
    0.024462964767955217,
    0.02460392162255329
  ],
  "model_path": "artifacts/models\\lgbm_cv_next_1d_return_20260113_091233.txt",
  "oof_path": "artifacts/oof\\oof_cv_next_1d_return_20260113_091233.parquet",
  "target": "next_1d_return",
  "tag": "baseline",
  "run_id": "20260113_091233",
  "config_path": "configs/train_cv.yaml",
  "model_params_used": {
    "device": "gpu",
    "gpu_platform_id": 0,
    "gpu_device_id": 0,
    "max_bin": 255,
    "min_data_in_bin": 3,
    "min_split_gain": 0.0,
    "verbosity": -1,
    "random_state": 42,
    "learning_rate": 0.07860548569204491,
    "num_leaves": 17,
    "min_child_samples": 21,
    "subsample": 0.6038855939114581,
    "colsample_bytree": 0.8056891692692755,
    "reg_lambda": 0.14515619679118616,
    "reg_alpha": 0.9912304431814063,
    "n_estimators": 3034
  }
}