{
  "rmse_mean": 0.07009734048963034,
  "rmse_std": 0.008290906170142451,
  "fold_rmses": [
    0.08066533278362535,
    0.07218003342268502,
    0.05557833229440823,
    0.07378183289031276,
    0.06828117105712037
  ],
  "model_path": "artifacts/models\\lgbm_cv_next_7d_return_20260113_091233.txt",
  "oof_path": "artifacts/oof\\oof_cv_next_7d_return_20260113_091233.parquet",
  "target": "next_7d_return",
  "tag": "baseline",
  "run_id": "20260113_091233",
  "config_path": "configs/train_cv.yaml",
  "model_params_used": {
    "device": "gpu",
    "gpu_platform_id": 0,
    "gpu_device_id": 0,
    "max_bin": 255,
    "min_data_in_bin": 3,
    "min_split_gain": 0.0,
    "verbosity": -1,
    "random_state": 42,
    "learning_rate": 0.07860548569204491,
    "num_leaves": 17,
    "min_child_samples": 21,
    "subsample": 0.6038855939114581,
    "colsample_bytree": 0.8056891692692755,
    "reg_lambda": 0.14515619679118616,
    "reg_alpha": 0.9912304431814063,
    "n_estimators": 3034
  }
}