{
  "run_id": "20260109_092602",
  "results": {
    "next_1d_return": {
      "rmse_mean": 0.027050608140383854,
      "rmse_std": 0.0035858643127351228,
      "fold_rmses": [
        0.03343261716171334,
        0.02473651123139546,
        0.022787692015824066,
        0.0270598958426827,
        0.027236324450303686
      ],
      "model_path": "artifacts/models\\lgbm_cv_next_1d_return_20260109_092602.txt",
      "oof_path": "artifacts/oof\\oof_cv_next_1d_return_20260109_092602.parquet"
    },
    "next_7d_return": {
      "rmse_mean": 0.07294279235527219,
      "rmse_std": 0.010599206395406922,
      "fold_rmses": [
        0.089073332123378,
        0.07381120028353484,
        0.05646614071628629,
        0.07649943096962344,
        0.06886385768353843
      ],
      "model_path": "artifacts/models\\lgbm_cv_next_7d_return_20260109_092602.txt",
      "oof_path": "artifacts/oof\\oof_cv_next_7d_return_20260109_092602.parquet"
    }
  },
  "config_path": "configs/train_cv.yaml",
  "model_params_used": {
    "device": "gpu",
    "gpu_platform_id": 0,
    "gpu_device_id": 0,
    "max_bin": 255,
    "min_data_in_bin": 3,
    "min_child_samples": 20,
    "min_split_gain": 0.0,
    "n_estimators": 3000,
    "learning_rate": 0.03,
    "num_leaves": 64,
    "subsample": 0.8,
    "colsample_bytree": 0.8,
    "reg_alpha": 0.0,
    "reg_lambda": 1.0,
    "random_state": 42,
    "verbosity": -1
  }
}