{
  "run_id": "20260109_094600",
  "results": {
    "next_1d_return": {
      "rmse_mean": 0.024383510192021434,
      "rmse_std": 0.002864141336677233,
      "fold_rmses": [
        0.0293529581402754,
        0.022840500151468806,
        0.02065720627817445,
        0.02446296476757124,
        0.024603921622617268
      ],
      "model_path": "artifacts/models\\lgbm_cv_next_1d_return_20260109_094600.txt",
      "oof_path": "artifacts/oof\\oof_cv_next_1d_return_20260109_094600.parquet"
    },
    "next_7d_return": {
      "rmse_mean": 0.0700993217312452,
      "rmse_std": 0.008290226774379093,
      "fold_rmses": [
        0.08066716257436456,
        0.07217812645836948,
        0.05557821432501945,
        0.07377692185645296,
        0.06829618344201958
      ],
      "model_path": "artifacts/models\\lgbm_cv_next_7d_return_20260109_094600.txt",
      "oof_path": "artifacts/oof\\oof_cv_next_7d_return_20260109_094600.parquet"
    }
  },
  "config_path": "configs/train_cv.yaml",
  "model_params_used": {
    "device": "gpu",
    "gpu_platform_id": 0,
    "gpu_device_id": 0,
    "max_bin": 255,
    "min_data_in_bin": 3,
    "min_split_gain": 0.0,
    "verbosity": -1,
    "random_state": 42,
    "learning_rate": 0.07860548569204491,
    "num_leaves": 17,
    "min_child_samples": 21,
    "subsample": 0.6038855939114581,
    "colsample_bytree": 0.8056891692692755,
    "reg_lambda": 0.14515619679118616,
    "reg_alpha": 0.9912304431814063,
    "n_estimators": 3034
  }
}