{
  "run_id": "20260113_075219",
  "results": {
    "next_1d_return": {
      "rmse_mean": 0.024383510191856528,
      "rmse_std": 0.0028641413365203083,
      "fold_rmses": [
        0.029352958140219418,
        0.022840500152216416,
        0.020657206278323407,
        0.02446296476681522,
        0.024603921621708186
      ],
      "model_path": "artifacts/models\\lgbm_cv_next_1d_return_20260113_075219.txt",
      "oof_path": "artifacts/oof\\oof_cv_next_1d_return_20260113_075219.parquet"
    },
    "next_7d_return": {
      "rmse_mean": 0.07009714866725247,
      "rmse_std": 0.00829106146505196,
      "fold_rmses": [
        0.0806671625967484,
        0.07217831132674012,
        0.05557821431370438,
        0.07377951388797446,
        0.06828254121109502
      ],
      "model_path": "artifacts/models\\lgbm_cv_next_7d_return_20260113_075219.txt",
      "oof_path": "artifacts/oof\\oof_cv_next_7d_return_20260113_075219.parquet"
    }
  },
  "tag": "baseline",
  "run_type": "train_cv",
  "config_path": "configs/train_cv.yaml",
  "model_params_used": {
    "device": "gpu",
    "gpu_platform_id": 0,
    "gpu_device_id": 0,
    "max_bin": 255,
    "min_data_in_bin": 3,
    "min_split_gain": 0.0,
    "verbosity": -1,
    "random_state": 42,
    "learning_rate": 0.07860548569204491,
    "num_leaves": 17,
    "min_child_samples": 21,
    "subsample": 0.6038855939114581,
    "colsample_bytree": 0.8056891692692755,
    "reg_lambda": 0.14515619679118616,
    "reg_alpha": 0.9912304431814063,
    "n_estimators": 3034
  }
}